{"cameraMode":{"drawMode":0,"name":"Shaded","section":"Shading Mode"},"sceneLighting":true,"audioPlay":false,"sceneViewState":{"m_AlwaysRefresh":false,"showFog":true,"showSkybox":true,"showFlares":true,"showImageEffects":true,"showParticleSystems":true,"showVisualEffectGraphs":true,"m_FxEnabled":true},"in2DMode":false,"pivot":{"x":-58.13759231567383,"y":5.058811187744141,"z":66.60004425048828},"rotation":{"x":-0.0526529885828495,"y":0.07093890756368637,"z":-0.0037609769497066738,"w":-0.9961166977882385},"size":30.289230346679689,"orthographic":false}